,Forget Acc ↓,Retain Acc ↑,MIA AUC ↓,Test Utility ↑
No Unlearning,1.0,1.0,0.5116071428571429,1.0
Retrain Oracle,0.0,1.0,0.42500000000000004,0.7916666666666666
Gradient Ascent,0.0,0.9210526315789473,0.4357142857142857,0.7291666666666666
Random Label,0.0,1.0,0.4571428571428572,0.7916666666666666
